appid,review,detail,review_num,review_response_num
244850,1,1,122816,748
1180320,1,1,47980,0
1423330,1,1,1173,105
1623730,1,1,1200,0
4700,1,1,30376,3
709470,1,1,8,0
3900,1,1,3034,0
3910,1,1,6512,0
3990,1,1,422,0
1369520,1,1,751,751
8930,1,1,196621,0
41300,1,1,1876,0
41660,1,1,17,0
41700,1,1,26811,0
41900,1,1,1280,2
42850,1,1,353,1
42950,1,1,23,0
42960,1,1,18438,0
44100,1,1,96,0
45450,1,1,571,0
45760,1,1,14315,0
46270,1,1,386,0
46370,1,1,534,0
46440,1,1,306,0
47130,1,1,8,0
47410,1,1,9057,7
47700,1,1,3524,0
47780,1,1,22981,0
48150,1,1,18,0
49320,1,1,60,0
50000,1,1,251,0
50130,1,1,51944,0
50920,1,1,21,0
50970,1,1,73,0
50990,1,1,124,0
56437,1,1,11704,0
57900,1,1,10238,0
60600,1,1,61,0
61310,1,1,210,0
63200,1,1,1152,0
63800,1,1,420,0
63910,1,1,1284,0
65070,1,1,127,0
65200,1,1,90,0
65300,1,1,2271,0
71116,1,1,12,0
71119,1,1,7,0
71340,1,1,23238,0
72900,1,1,258,0
73020,1,1,1430,0
80200,1,1,425,0
93200,1,1,1185,0
98600,1,1,288,0
98800,1,1,5170,1
102200,1,1,380,0
102600,1,1,7657,0
104900,1,1,28664,1
221260,1,1,11901,0
222140,1,1,484,0
224860,1,1,930,0
224900,1,1,1109,0
225420,1,1,2449,0
225600,1,1,4707,13
226740,1,1,1185,0
227000,1,1,3149,1501
227780,1,1,3315,1
228280,1,1,14951,128
228300,1,1,15289,0
229870,1,1,851,0
230190,1,1,7464,823
231040,1,1,1163,0
231740,1,1,3163,0
232050,1,1,2671,2
233230,1,1,1704,0
233840,1,1,3058,0
234900,1,1,1437,2
234940,1,1,1549,0
235210,1,1,3795,0
235520,1,1,338,9
237550,1,1,420,0
237850,1,1,4340,19
238870,1,1,476,0
239820,1,1,41737,17
240660,1,1,161,0
241760,1,1,280,0
242880,1,1,3853,0
242920,1,1,40918,0
244030,1,1,1970,7
244590,1,1,1145,0
244950,1,1,174,0
245170,1,1,29493,1
245470,1,1,7218,2
245490,1,1,2222,0
246820,1,1,24,0
247020,1,1,5449,0
247660,1,1,4115,0
248190,1,1,439,0
248450,1,1,225,3
248570,1,1,16319,3
249650,1,1,3625,0
249930,1,1,60,0
250420,1,1,4371,0
250540,1,1,96,0
250580,1,1,1412,0
251910,1,1,308,0
251950,1,1,3579,165
252170,1,1,508,0
252250,1,1,1046,8
252830,1,1,393,0
253980,1,1,6269,0
254100,1,1,540,0
254200,1,1,2929,23
254880,1,1,156,0
255163,1,1,34,0
257750,1,1,3956,7
257870,1,1,89,0
258590,1,1,494,0
107600,1,1,1449,0
108710,1,1,44388,0
110630,1,1,46,0
115120,1,1,1084,0
115200,1,1,554,98
200150,1,1,343,0
200490,1,1,181,0
200900,1,1,7246,0
200910,1,1,1402,0
202410,1,1,140,0
202970,1,1,44213,0
204360,1,1,108223,2
204630,1,1,2352,0
204880,1,1,15445,8
205070,1,1,90,0
205550,1,1,309,0
205710,1,1,2071,0
206060,1,1,68,0
207320,1,1,1762,0
207610,1,1,66710,1
207730,1,1,391,0
207790,1,1,382,0
208400,1,1,1151,0
208650,1,1,117666,0
209750,1,1,165,0
211204,1,1,3,0
211800,1,1,143,0
211900,1,1,317,0
212680,1,1,70672,0
213670,1,1,60349,3
214700,1,1,1765,0
216090,1,1,567,0
216130,1,1,161,0
216330,1,1,9,0
219740,1,1,105888,0
221100,1,1,182799,0
258760,1,1,1813,0
259620,1,1,486,12
259640,1,1,214,0
259680,1,1,6227,7
259700,1,1,223,0
259810,1,1,371,0
259940,1,1,82,0
260000,1,1,80,0
260130,1,1,372,0
260160,1,1,909,3
260330,1,1,196,0
260380,1,1,37,3
260930,1,1,337,0
261640,1,1,38183,0
262150,1,1,2854,2
262280,1,1,5034,1
262830,1,1,2865,0
262850,1,1,520,1
262900,1,1,277,1
263320,1,1,524,0
263480,1,1,148,5
264320,1,1,171,0
264380,1,1,4428,0
265550,1,1,17245,0
265610,1,1,3011,4
266490,1,1,970,0
266980,1,1,18,0
267730,1,1,51,1
267960,1,1,415,0
268240,1,1,780,0
268520,1,1,68,0
269210,1,1,39956,68
269270,1,1,1148,0
269330,1,1,870,0
269490,1,1,1481,1
270050,1,1,697,0
270130,1,1,1514,7
270270,1,1,544,0
270510,1,1,147,0
270770,1,1,217,0
271990,1,1,63,0
273070,1,1,488,0
273750,1,1,206,0
273770,1,1,662,1
273890,1,1,58,0
274500,1,1,5150,33
275180,1,1,888,0
275390,1,1,6458,0
275490,1,1,1912,0
275830,1,1,112,0
275850,1,1,18400,0
276440,1,1,53,1
277590,1,1,2237,0
278570,1,1,346,0
279260,1,1,410,0
279800,1,1,1237,0
279920,1,1,131,0
280160,1,1,12287,9
281350,1,1,94,0
281990,1,1,394,0
282010,1,1,826,0
282440,1,1,12300,0
283080,1,1,433,0
283330,1,1,252,0
283620,1,1,620,0
284050,1,1,1074,0
284460,1,1,1400,1
284710,1,1,1410,0
284830,1,1,1087,0
285900,1,1,396,0
286220,1,1,122,0
286360,1,1,719,26
286520,1,1,47,0
287290,1,1,882,0
287600,1,1,276,0
287720,1,1,200,0
287740,1,1,28,0
287900,1,1,0,0
287920,1,1,2934,51
288140,1,1,889,0
288390,1,0,152,0
288570,1,0,2217,0
288880,1,1,610,0
288930,1,1,647,0
289090,1,1,982,0
289300,1,1,1001,0
289460,1,1,412,0
289520,1,1,1641,0
289620,1,1,832,0
289760,1,1,542,0
289890,1,1,434,0
290180,1,1,20,2
290340,1,1,300,1
290380,1,1,171,0
290440,1,1,47,0
290460,1,1,49,0
290650,1,1,386,0
290690,1,1,523,1
291250,1,1,165,8
291390,1,1,175,0
291430,1,1,47,0
291910,1,1,571,0
291930,1,1,236,0
292240,1,1,175,0
293340,1,1,161,1
293540,1,1,1695,0
294060,1,1,131,0
294190,1,1,25,0
294390,1,1,81,0
294440,1,1,673,0
294580,1,1,56,0
294590,1,1,324,0
294750,1,1,597,0
294770,1,1,84,0
295910,1,1,99,0
296630,1,1,662,0
297020,1,1,3416,0
297110,1,1,1066,0
297120,1,1,1477,0
297130,1,1,2800,0
297330,1,1,147,0
297490,1,1,303,0
298850,1,1,59,0
299050,1,1,510,0
299070,1,1,269,0
299250,1,1,709,0
299460,1,1,5511,46
299840,1,1,63,0
300620,1,1,34,0
300910,1,1,32,0
300970,1,1,723,0
301420,1,1,50,0
302290,1,1,17,1
303290,1,1,631,1
303430,1,1,571,4
303870,1,1,61,0
304530,1,1,4656,0
304670,1,1,413,0
304910,1,1,243,0
305700,1,1,18,1
305980,1,1,357,0
306130,1,1,700,0
306930,1,1,84,0
307340,1,1,517,0
307350,1,1,466,0
307560,1,1,15,0
307580,1,1,1472,0
307690,1,1,800,0
307920,1,1,36,0
307940,1,1,571,0
307990,1,1,82,0
308000,1,1,377,3
308400,1,1,2,0
308440,1,1,94,0
308560,1,1,43,0
310510,1,1,2090,0
310870,1,1,104,0
311310,1,1,12120,24
311340,1,1,15798,0
311560,1,1,15343,9
311680,1,1,108,0
312200,1,1,2303,4
312220,1,1,41,4
312440,1,1,44,0
312790,1,1,234,0
312840,1,1,5839,0
312900,1,1,130,0
312920,1,1,173,0
312980,1,1,934,0
313810,1,1,317,0
313830,1,1,355,0
314010,1,1,740,0
314360,1,1,120,0
314510,1,1,171,0
314790,1,1,2443,0
314830,1,1,1141,0
315070,1,1,163,0
315080,1,1,45,12
315110,1,1,116,0
315340,1,1,196,0
316370,1,1,91,7
316430,1,1,2041,13
316660,1,1,84,0
316840,1,1,83,0
317080,1,1,79,1
317440,1,1,166,2
318100,1,1,2270,13
318440,1,1,51,0
318480,1,1,48,0
319320,1,1,418,0
319760,1,1,477,0
319780,1,1,173,0
319870,1,1,1204,0
320240,1,1,12639,20
321150,1,1,738,0
321400,1,1,3240,28
321560,1,1,172,0
321960,1,1,6200,19
324750,1,1,109,0
324810,1,1,5641,33
325260,1,1,1241,2
326180,1,1,1554,0
326650,1,1,51,0
327310,1,1,313,0
327450,1,1,76,0
327520,1,1,103,0
327860,1,1,2236,6
328460,1,1,99,0
328640,1,1,53,0
329130,1,1,3805,0
329980,1,1,48,0
330270,1,1,284,0
330460,1,1,648,85
330990,1,1,504,0
331160,1,1,2198,0
331340,1,1,249,0
331750,1,1,974,0
331870,1,1,6887,5
332310,1,1,15036,1
332400,1,1,221,0
332490,1,1,357,27
332570,1,1,9677,0
332950,1,1,17757,49
333210,1,1,305,0
333300,1,1,1432,5
333540,1,1,43,0
333580,1,1,17,0
333660,1,1,120,0
333730,1,1,42,0
334040,1,1,2111,0
334420,1,1,1626,1
334940,1,1,4398,7
335090,1,1,38,0
335300,1,1,99867,0
335450,1,1,24,0
335900,1,1,63,8
336420,1,1,617,0
336440,1,1,448,1
337040,1,1,154,0
338060,1,1,387,0
338130,1,1,260,1
338330,1,1,71,0
338640,1,1,95,0
339250,1,1,28,0
339350,1,1,1976,0
339570,1,1,161,0
339690,1,1,29,0
340220,1,1,146,1
340450,1,1,53,2
340600,1,1,42,0
341170,1,1,161,3
341680,1,1,58,0
341760,1,1,46,0
342250,1,1,3,0
342310,1,1,1648,13
342450,1,1,124,0
342490,1,1,213,1
342860,1,1,151,0
343410,1,1,10,0
343810,1,1,66,0
344130,1,1,371,1
344190,1,1,294,2
344500,1,1,217,0
345020,1,1,49,4
345260,1,1,1982,0
345280,1,1,89,0
345290,1,1,21,0
345430,1,1,785,46
345750,1,1,171,0
345820,1,1,2659,0
345860,1,1,497,7
345950,1,1,0,0
346010,1,1,46722,11
346090,1,1,65,1
346470,1,1,692,74
346550,1,1,70,1
346630,1,1,392,0
346770,1,1,61,0
346900,1,1,57054,0
346970,1,1,440,4
347590,1,1,195,0
347720,1,1,655,0
349300,1,1,121,1
349530,1,1,29,0
349690,1,1,70,0
349840,1,1,43,3
350010,1,1,753,0
350550,1,1,28,0
350780,1,1,207,0
350910,1,1,691,0
351080,1,1,90,0
351340,1,1,732,0
351420,1,1,51,0
351910,1,1,1267,0
352050,1,1,20,0
352120,1,1,88,0
352720,1,1,8957,59
352900,1,1,49,0
353330,1,1,1349,0
353600,1,1,23,0
353640,1,1,3152,2
354770,1,1,23,0
354970,1,1,91,0
355460,1,1,37,0
355690,1,1,24,0
355790,1,1,5219,0
356400,1,1,3985,1
356420,1,1,390,0
356580,1,1,133,0
356730,1,1,21,0
356890,1,1,263,0
357070,1,1,2930,0
357780,1,1,1068,0
357830,1,1,59,0
357840,1,1,47,0
358230,1,1,55,0
358290,1,1,155,0
358760,1,1,18,0
358960,1,1,275,0
359300,1,1,8,0
359320,1,1,92229,2028
359400,1,1,400,1
359420,1,1,51,0
359560,1,1,212,1
359610,1,1,910,0
359670,1,1,40,0
359800,1,1,2631,0
360010,1,1,108,0
360550,1,1,212,0
360970,1,1,321,0
361330,1,1,46,0
361380,1,1,240,0
361430,1,1,35,0
362860,1,1,144,10
362960,1,1,12128,0
363050,1,1,69,0
363680,1,1,5641,15
363860,1,1,435,49
363920,1,1,35,5
364060,1,1,37,0
364130,1,1,21,0
364200,1,1,112,2
364380,1,1,124,0
364500,1,1,0,0
364660,1,1,5,0
364910,1,1,294,0
365110,1,1,72,0
365320,1,1,126,0
365340,1,1,36,0
365450,1,1,23957,37
365620,1,1,64,0
366090,1,1,7448,32
366260,1,1,888,0
366280,1,1,208,0
366380,1,1,122,0
366410,1,1,20,0
366510,1,1,129,0
366570,1,1,11,0
366690,1,1,646,20
366800,1,1,238,0
367000,1,1,442,4
367570,1,1,934,0
367580,1,1,8775,1
368070,1,1,17511,1
368700,1,1,25,0
368730,1,1,2435,0
368890,1,1,122,0
369270,1,1,35,0
369550,1,1,205,0
370080,1,1,88,0
370270,1,1,65,0
370310,1,1,112,0
370750,1,1,5,0
370920,1,1,108,0
371220,1,1,131,5
371300,1,1,169,7
371360,1,1,21,0
371400,1,1,15,0
371700,1,1,4,0
371890,1,1,118,0
372570,1,1,16,0
372670,1,1,28,0
373140,1,1,38,0
373290,1,1,107,3
373650,1,1,160,0
374320,1,1,77499,0
374510,1,1,42,2
375010,1,1,307,0
375040,1,1,85,0
375170,1,1,40,0
375200,1,1,1075,0
375320,1,1,315,1
375530,1,1,3800,263
375910,1,1,5627,21
376210,1,1,22800,0
376560,1,1,134,0
377140,1,1,636,0
377470,1,1,164,0
377680,1,1,1442,0
377690,1,1,249,0
378390,1,1,7,0
378610,1,1,6508,6
378750,1,1,152,0
378830,1,1,55,0
380650,1,1,3,0
380950,1,1,24,0
381170,1,1,82,2
381260,1,1,196,2
381750,1,1,242,0
382080,1,1,431,5
382380,1,1,180,0
383240,1,1,29,4
383670,1,1,37,0
383690,1,1,192,0
383840,1,1,2002,133
384120,1,1,54,0
384200,1,1,133,3
384570,1,1,992,0
384990,1,1,94,0
385030,1,1,61,3
385360,1,1,124,0
385840,1,1,25,0
385850,1,1,11,0
385900,1,1,57,0
386180,1,1,59379,1906
386510,1,1,161,0
387010,1,1,193,2
387930,1,1,448,0
388210,1,1,4143,0
388490,1,1,325,0
388660,1,1,65,1
388720,1,1,51,0
389190,1,1,82,2
390870,1,1,108,0
391220,1,1,11700,0
391910,1,1,26,0
392030,1,1,111,0
392260,1,1,245,0
392930,1,1,68,0
393540,1,1,7,0
393930,1,1,433,0
394290,1,1,109,0
394550,1,1,119,0
394700,1,1,361,0
394720,1,1,25,0
395270,1,1,380,3
395930,1,1,110,0
396090,1,1,252,0
396320,1,1,56,2
396640,1,1,371,1
396800,1,1,529,0
396860,1,1,202,1
396930,1,1,20,0
397100,1,1,887,0
397440,1,1,80,0
397660,1,1,20,0
397740,1,1,4610,0
397760,1,1,81,0
397800,1,1,31,0
398100,1,1,577,3
398110,1,1,24,0
398150,1,1,89,0
398900,1,1,1,0
398920,1,1,49,0
399140,1,1,64,1
399820,1,1,2714,17
399900,1,1,32,0
400370,1,1,390,0
400470,1,1,131,2
400630,1,1,4200,23
400880,1,1,37,0
400910,1,1,795,0
401330,1,1,72,0
401820,1,1,134,0
402150,1,1,51,0
402390,1,1,356,0
402620,1,1,1251,0
402750,1,1,518,0
403090,1,1,48,0
403100,1,1,60,0
403120,1,1,2313,0
403190,1,1,9271,437
403230,1,1,25,0
403460,1,1,24,0
404040,1,1,447,0
404050,1,1,168,1
404640,1,1,247,13
404750,1,1,13,0
405070,1,1,11,0
405240,1,1,26,0
405640,1,1,5600,0
406290,1,1,2596,1
406870,1,1,783,0
407300,1,1,718,0
407380,1,1,53,0
407710,1,1,71,0
408250,1,1,384,0
408440,1,1,86,0
408760,1,1,387,0
409170,1,1,58,0
409420,1,1,62,0
409600,1,1,328,0
409630,1,1,37,2
409890,1,1,605,0
410130,1,1,78,0
410430,1,1,680,0
411630,1,1,15,0
411740,1,1,80,0
412050,1,1,393,0
412620,1,1,192,0
412790,1,1,226,0
413760,1,1,38,1
414530,1,1,4233,58
415180,1,1,115,0
415480,1,1,929,0
415670,1,1,118,0
415830,1,1,314,0
416000,1,1,328,16
416110,1,1,148,0
416200,1,1,44,0
416220,1,1,12,0
416340,1,1,34,0
416640,1,1,121,0
416720,1,1,58,0
417130,1,1,0,0
417900,1,1,32,0
418040,1,1,735,0
418160,1,1,71,0
418190,1,1,797,0
418340,1,1,11548,0
418360,1,1,93,0
418910,1,1,178,0
419020,1,1,27,0
419480,1,1,3451,173
419700,1,1,44,0
420110,1,1,7600,0
420210,1,1,249,0
420920,1,1,59,0
421710,1,1,62,0
421810,1,1,383,3
423490,1,1,580,2
423550,1,1,264,0
423710,1,1,329,0
423760,1,1,121,0
423870,1,1,64,0
423910,1,1,22,0
424320,1,1,35,0
426630,1,1,439,0
427760,1,1,606,1
428220,1,1,348,0
428240,1,1,2,0
428260,1,1,72,0
428410,1,1,28,0
428660,1,1,7282,45
428980,1,1,20,0
429050,1,1,300,0
429120,1,1,34,0
429270,1,1,10,0
429480,1,1,12,0
429680,1,1,1349,0
429790,1,1,8776,2305
430290,1,1,51,0
431280,1,1,207,4
431680,1,1,46,0
431740,1,1,55,0
431940,1,1,800,18
432350,1,1,5040,39
432470,1,1,314,0
432480,1,1,18,0
432620,1,1,17,0
432950,1,1,104,3
433120,1,1,15,0
433170,1,1,1773,29
433190,1,1,104,63
433280,1,1,833,0
433660,1,1,16,0
433750,1,1,160,1
434240,1,1,27,0
434260,1,1,2871,0
434280,1,1,0,0
434290,1,1,150,7
434600,1,1,52,2
434610,1,1,337,0
434870,1,1,11,0
434920,1,1,66,0
435030,1,1,2800,1
435800,1,1,78,0
436230,1,1,359,142
436260,1,1,234,4
436320,1,1,1400,50
436520,1,1,2700,0
436860,1,1,61,0
437020,1,1,112,0
437060,1,1,53,0
437720,1,1,176,0
438100,1,1,4599,0
438270,1,1,1997,0
438560,1,1,79,0
438720,1,1,56,0
439880,1,1,40,0
440450,1,1,47,8
440660,1,1,37,1
440690,1,1,70,0
440750,1,1,32,0
440770,1,1,14,0
441350,1,1,205,0
441680,1,1,195,0
442070,1,1,300,0
442710,1,1,453,0
443260,1,1,89,2
443420,1,1,209,0
443460,1,1,97,0
444640,1,1,0,0
444800,1,1,299,0
445550,1,1,12,0
445750,1,1,134,0
445800,1,1,163,2
446450,1,1,43,0
446600,1,1,126,2
446760,1,1,40,0
446910,1,1,109,0
447010,1,1,24,0
447040,1,1,600,0
447190,1,1,272,0
447210,1,1,78,0
448290,1,1,401,1
448520,1,1,36,0
448570,1,1,125,5
448710,1,1,30,0
448730,1,1,16,0
448850,1,1,1880,3
448930,1,1,137,0
448990,1,1,3,0
449120,1,1,17,0
449450,1,1,66,4
449700,1,1,11,0
449770,1,1,5,0
451200,1,1,23,0
451360,1,1,35,0
451640,1,1,60,0
452320,1,1,51,9
452450,1,1,110,0
452920,1,1,50,0
453310,1,1,412,0
453320,1,1,19,1
453690,1,1,600,7
453720,1,1,340,0
453730,1,1,39,0
453810,1,1,38,1
453860,1,1,0,0
453910,1,1,100,0
454410,1,1,655,0
454830,1,1,10,0
455300,1,1,603,165
455640,1,1,33,0
456180,1,1,125,3
456390,1,1,45,0
456660,1,1,66,0
456740,1,1,16,0
456750,1,1,0,0
456780,1,1,0,0
457320,1,1,461,0
457380,1,1,104,0
457810,1,1,74,0
457980,1,1,26,0
458230,1,1,5,0
458630,1,1,185,1
459310,1,1,110,0
459410,1,1,10,1
459730,1,1,2,0
460120,1,1,3152,0
460580,1,1,23,0
461380,1,1,57,0
461520,1,1,247,0
461600,1,1,4,0
461620,1,1,1811,54
461750,1,1,143,1
461760,1,1,63,0
461780,1,1,139,0
462110,1,1,139,0
462630,1,1,15,0
462830,1,1,59,0
462910,1,1,72,0
463160,1,1,147,2
463350,1,1,576,0
463510,1,1,40,17
463530,1,1,100,0
463710,1,1,160,0
464040,1,1,17,0
464110,1,1,14,0
464360,1,1,1106,22
464780,1,1,987,0
465180,1,1,87,4
465990,1,1,12,0
466170,1,1,1648,27
466520,1,1,50,0
466560,1,1,596,0
466660,1,1,658,9
466810,1,1,603,0
467270,1,1,78,2
467350,1,1,13,0
467680,1,1,193,0
467760,1,1,297,0
467790,1,1,6,0
468100,1,1,103,0
468150,1,1,8,0
468570,1,1,117,0
469610,1,1,200,0
469710,1,1,43,0
470220,1,1,798,4
470270,1,1,414,0
470310,1,1,1900,1896
470440,1,1,66,0
470450,1,1,117,0
470490,1,1,19,1
470580,1,1,54,0
470590,1,1,72,0
471220,1,1,7,0
471720,1,1,24,0
471920,1,1,228,0
473480,1,1,17,0
473840,1,1,36,0
473930,1,1,1,0
473970,1,1,194,9
474030,1,1,257,1
474210,1,1,1113,2
474980,1,1,158,1
475960,1,1,122,1
476000,1,1,10,0
477180,1,1,93,1
478020,1,1,6,0
479040,1,1,35,0
479180,1,1,28,0
479310,1,1,54,1
480900,1,1,121,0
481190,1,1,370,0
485130,1,1,5,0
485290,1,1,22,0
485490,1,1,267,0
486020,1,1,95,2
486470,1,1,22,0
486850,1,1,124,0
486860,1,1,300,0
486890,1,1,6,0
487160,1,1,120,0
487370,1,1,596,0
488020,1,1,7,0
488150,1,1,30,0
488550,1,1,1004,48
488920,1,1,365,2
488960,1,1,98,4
489070,1,1,90,0
489080,1,1,6,0
489100,1,1,10,0
489140,1,1,0,0
489370,1,1,417,0
489600,1,1,510,8
489630,1,1,500,0
489760,1,1,44,0
490280,1,1,904,51
490880,1,1,53,0
490930,1,1,277,16
491100,1,1,12,0
491260,1,1,0,0
491280,1,1,822,1
491660,1,1,33,0
492200,1,1,20,0
493200,1,1,4297,2
493410,1,1,24,0
493670,1,1,9,0
493720,1,1,587,3
494000,1,1,9,0
494020,1,1,3,0
494090,1,1,39,0
494850,1,1,4,0
495760,1,1,16,0
496030,1,1,27,0
496080,1,1,6,0
496400,1,1,133,0
496530,1,1,48,0
496610,1,1,7,0
496690,1,1,138,0
496810,1,1,1366,0
497360,1,1,106,0
497880,1,1,16,0
498360,1,1,5,0
498510,1,1,64,0
499440,1,1,3800,0
500170,1,1,145,0
500710,1,1,1756,36
500980,1,1,20,0
501420,1,1,3,0
501440,1,1,16,0
501450,1,1,7,0
501590,1,1,500,0
501940,1,1,46,0
502130,1,1,260,0
502140,1,1,250,2
502280,1,1,3273,0
502550,1,1,1262,0
502650,1,1,36,0
503770,1,1,625,89
503950,1,1,52,7
504110,1,1,59,0
504370,1,1,799,0
504380,1,1,143,0
504460,1,1,90,0
505090,1,1,76,0
505640,1,1,790,6
506550,1,1,29,1
507340,1,1,13,0
507380,1,1,233,0
508180,1,1,281,0
508250,1,1,7,0
508540,1,1,37,1
508650,1,1,64,10
508910,1,1,40,0
508930,1,1,22,0
509580,1,1,1512,6
509930,1,1,56,0
509980,1,1,100,0
510040,1,1,35,0
510500,1,1,900,6
510660,1,1,1135,0
510750,1,1,74,0
511010,1,1,37,4
511110,1,1,0,0
511460,1,1,16,0
511560,1,1,18,0
511570,1,1,62,0
511830,1,1,12,0
512070,1,1,18,0
512150,1,1,39,0
512170,1,1,85,0
512300,1,1,603,2
512370,1,1,5,0
512410,1,1,74,0
512740,1,1,83,0
512890,1,1,295,0
512900,1,1,900,0
513050,1,1,17,0
513160,1,1,0,0
513250,1,1,44,0
513260,1,1,5,0
513450,1,1,1505,0
513620,1,1,208,0
513710,1,1,6959,549
513960,1,1,11,0
513990,1,1,63,0
514180,1,1,102,0
514310,1,1,960,0
514400,1,1,23,0
514460,1,1,193,0
514760,1,1,6,0
514810,1,1,43,0
514890,1,1,109,0
515230,1,1,41,0
515700,1,1,18,0
515890,1,1,7,0
516010,1,1,19,0
516030,1,1,24,3
516480,1,1,604,6
516510,1,1,642,14
516550,1,1,14,0
516600,1,1,679,0
516610,1,1,12,0
517240,1,1,9,0
517460,1,1,36,3
517780,1,1,231,11
518000,1,1,9,0
519170,1,1,33,0
519860,1,1,999,0
519990,1,1,22,0
520470,1,1,53,0
520510,1,1,10,0
521250,1,1,0,0
521560,1,1,63,3
521650,1,1,7,0
522040,1,1,613,0
522230,1,1,532,0
522240,1,1,344,5
522300,1,1,20,1
522940,1,1,654,0
523000,1,1,1458,0
523740,1,1,302,23
523860,1,1,0,0
523970,1,1,12,0
524640,1,1,680,6
525150,1,1,96,1
525380,1,1,217,1
525690,1,1,106,0
525740,1,1,39,0
526730,1,1,44,0
527260,1,1,12,1
527800,1,1,75,0
527880,1,1,13,0
527960,1,1,7,0
527990,1,1,259,0
528190,1,1,8,0
528430,1,1,100,0
528730,1,1,224,1
529020,1,1,115,4
529070,1,1,0,0
529280,1,1,18,0
529660,1,1,1356,1
529780,1,1,1736,1
530080,1,1,5,0
530120,1,1,425,1
530340,1,1,0,0
530500,1,1,18,0
530620,1,1,4449,0
530630,1,1,2319,16
530920,1,1,209,1
530960,1,1,117,26
531070,1,1,22,0
531510,1,1,2500,1
532080,1,1,14,1
532790,1,1,0,0
533470,1,1,11,0
533700,1,1,0,0
533890,1,1,21,0
533920,1,1,4,0
534200,1,1,49,0
534920,1,1,25,0
535240,1,1,3,0
535350,1,1,7,3
535530,1,1,9,0
535650,1,1,20,0
535910,1,1,37,0
535980,1,1,48,0
536460,1,1,0,0
536490,1,1,42,0
536560,1,1,252,0
536630,1,1,33,0
536640,1,1,80,3
536770,1,1,60,0
538110,1,1,22,0
538560,1,1,16,0
538990,1,1,77,0
539450,1,1,273,0
540650,1,1,19,0
541350,1,1,46,0
542410,1,1,23,0
542690,1,1,75,0
542790,1,1,7,0
542880,1,1,108,0
543010,1,1,260,0
543240,1,1,526,1
543290,1,1,10,0
544180,1,1,216,0
544650,1,1,84,0
544750,1,1,12576,0
544870,1,1,86,0
545640,1,1,15,0
546050,1,1,5342,0
546070,1,1,118,2
546200,1,1,135,0
546340,1,1,139,0
546430,1,1,2061,39
547200,1,1,9,0
547880,1,1,16,0
547920,1,1,3,0
547990,1,1,13,0
548130,1,1,36,0
548290,1,1,263,0
548320,1,1,25,0
548710,1,1,33,0
549170,1,1,120,0
549700,1,1,41,1
549770,1,1,89,0
550170,1,1,26,11
550320,1,1,3700,2
550560,1,1,7,0
551110,1,1,200,0
551450,1,1,391,6
551930,1,1,104,0
552380,1,1,10,0
552440,1,1,793,1
552480,1,1,2,0
552580,1,1,74,0
553050,1,1,17,0
553410,1,1,10,0
553450,1,1,48,0
553680,1,1,1,1
553800,1,1,44,0
554560,1,1,6,0
554600,1,1,493,0
555580,1,1,66,0
555720,1,1,47,1
555820,1,1,18,0
555920,1,1,104,0
556160,1,1,211,0
556250,1,1,24,0
556870,1,1,372,0
556960,1,1,46,0
557040,1,1,597,0
557570,1,1,29,0
557720,1,1,7,0
557760,1,1,4,0
557790,1,1,15,0
557810,1,1,631,0
558720,1,1,4,0
559010,1,1,393,0
559170,1,1,7,0
559300,1,1,4,0
559310,1,1,159,6
559450,1,1,12,0
560370,1,1,321,0
560430,1,1,875,0
560570,1,1,13,0
560660,1,1,0,0
560720,1,1,235,0
560730,1,1,130,0
560820,1,1,95,0
560930,1,1,5,0
561450,1,1,56,0
562330,1,1,58,0
562340,1,1,89,8
562430,1,1,254,0
562480,1,1,130,0
563120,1,1,185,0
563130,1,1,37,0
563360,1,1,347,17
563370,1,1,4,0
563430,1,1,136,0
563560,1,1,700,1
563610,1,1,3,0
564920,1,1,5,0
565760,1,1,0,0
566050,1,1,900,0
566270,1,1,47,1
566430,1,1,32,1
566690,1,1,11,0
566900,1,1,21,0
567030,1,1,665,0
567320,1,1,100,1
567640,1,1,600,0
567660,1,1,30,0
568310,1,1,13,0
568570,1,1,4070,3
568800,1,1,20,0
568920,1,1,32,0
569570,1,1,55,5
569610,1,1,487,0
570060,1,1,5,0
570110,1,1,15,0
570490,1,1,196,0
570890,1,1,78,0
571050,1,1,15,1
571180,1,1,2,0
571310,1,1,6382,0
571340,1,1,64,2
571630,1,1,37,5
572040,1,1,31,0
572240,1,1,31,0
572510,1,1,19,0
572630,1,1,25,0
572710,1,1,87,0
572730,1,1,131,0
572740,1,1,143,0
572980,1,1,8,0
573260,1,1,12,0
573490,1,1,388,43
573780,1,1,127,1
574150,1,1,14,0
574440,1,1,66,0
575680,1,1,160,0
575710,1,1,12,1
576310,1,1,247,0
576660,1,1,42,1
576800,1,1,32,2
576840,1,1,100,1
577710,1,1,103,18
577780,1,1,8,1
578420,1,1,38,0
578430,1,1,105,0
578800,1,1,172,0
578930,1,1,203,4
578990,1,1,24,0
579120,1,1,134,0
579560,1,1,0,0
580820,1,1,66,0
580880,1,1,23,0
580900,1,1,0,0
580950,1,1,17,0
581120,1,1,530,7
581310,1,1,75,12
581460,1,1,12,0
581740,1,1,14,1
581820,1,1,137,0
581840,1,1,57,0
583090,1,1,500,1
583570,1,1,4,0
584040,1,1,7,0
584850,1,1,34,0
584880,1,1,65,0
585270,1,1,18,0
585900,1,1,1084,0
585920,1,1,11,0
585950,1,1,393,2
586020,1,1,37,1
586430,1,1,24,0
586680,1,1,23,0
586980,1,1,4491,0
587070,1,1,19,0
587100,1,1,790,0
587420,1,1,932,0
587450,1,1,1638,0
587730,1,1,9,0
588140,1,1,1,0
588880,1,1,23,0
589240,1,1,19,0
589480,1,1,71,0
589640,1,1,104,0
589780,1,1,10895,0
590270,1,1,22,0
590280,1,1,310,0
590720,1,1,197,0
590840,1,1,31,0
591020,1,1,0,0
591130,1,1,7,0
591380,1,1,444,0
591750,1,1,108,1
591960,1,1,3646,13
592020,1,1,24,2
592320,1,1,36,1
592330,1,1,22,0
592340,1,1,91,2
592410,1,1,32,0
592640,1,1,1,0
593150,1,1,1089,2
593490,1,1,173,8
594030,1,1,17,0
594350,1,1,171,1
594370,1,1,118,0
595500,1,1,1387,4
595630,1,1,3,0
595640,1,1,41,0
595780,1,1,68,0
596640,1,1,36,3
596710,1,1,50,0
596990,1,1,7,0
597170,1,1,9100,66
597210,1,1,75,0
597760,1,1,7169,48
598060,1,1,2035,0
598170,1,1,50,1
598500,1,1,21,0
598620,1,1,8,0
598940,1,1,135,0
598960,1,1,2539,17
598990,1,1,72,0
599590,1,1,95,4
600120,1,1,353,13
600180,1,1,1,0
600510,1,1,19,1
600640,1,1,13,0
601430,1,1,13000,0
601510,1,1,4200,0
601540,1,1,470,0
601920,1,1,13,0
602510,1,1,63,0
602520,1,1,11810,0
602600,1,1,0,0
602790,1,1,49,0
602880,1,1,33,0
602900,1,1,0,0
603130,1,1,138,0
603190,1,1,332,0
603460,1,1,84,0
603680,1,1,0,0
603970,1,1,1,0
604010,1,1,102,0
604640,1,1,8,0
605040,1,1,6,0
605100,1,1,61,0
605920,1,1,148,1
606230,1,1,2008,10
606280,1,1,14047,0
606350,1,1,0,0
606370,1,1,273,0
606710,1,1,544,14
607040,1,1,92,0
607680,1,1,27,0
607760,1,1,14,1
607780,1,1,9,0
608110,1,1,270,3
608580,1,1,42,9
608800,1,1,1386,20
609100,1,1,24,2
610120,1,1,150,0
610260,1,1,6,0
610350,1,1,54,0
610620,1,1,33,1
611050,1,1,8,0
611720,1,1,44,0
611810,1,1,12,1
612060,1,1,92,1
612220,1,1,6,0
612470,1,1,1980,1
612510,1,1,49,8
612660,1,1,0,0
612790,1,1,62,0
613020,1,1,13,0
615530,1,1,6355,0
615690,1,1,24,0
616030,1,1,28,0
616610,1,1,125,0
616640,1,1,32,0
616860,1,1,4,0
617450,1,1,41,3
617590,1,1,79,25
617600,1,1,13,0
617640,1,1,117,6
618490,1,1,74,0
618500,1,1,20,0
618560,1,1,0,0
619220,1,1,39,0
619490,1,1,191,0
620660,1,1,8,0
620890,1,1,32,0
621930,1,1,379,2
622550,1,1,6,0
622620,1,1,17,0
623070,1,1,104,1
623370,1,1,7,0
624080,1,1,36,0
624890,1,1,199,0
625690,1,1,6,0
626460,1,1,0,0
626510,1,1,393,0
628030,1,1,116,0
628110,1,1,48,0
628130,1,1,67,0
628320,1,1,72,5
628550,1,1,81,0
628940,1,1,3,0
629080,1,1,9,0
629400,1,1,14,0
629420,1,1,39,0
723810,1,1,22,1
724250,1,1,504,1
724450,1,1,8,0
725100,1,1,312,28
725780,1,1,450,95
725920,1,1,8,0
726030,1,1,8,0
726770,1,1,0,0
727010,1,1,2,0
727140,1,1,4,0
727420,1,1,18,0
727480,1,1,60,1
728720,1,1,1,0
728730,1,1,1536,0
728830,1,1,32,0
729050,1,1,3,0
729290,1,1,0,0
729310,1,1,12,0
729650,1,1,2,0
729660,1,1,1754,0
729680,1,1,0,0
730180,1,1,18,0